Redirect from,Redirect to
/products/catching-light-hoodie-2,/products/emblem-hoodie
/products/catching-light-hoodie-3,/products/catching-light-hoodie
/products/long-t-shirt-1,/products/emblem-long-sleeve-tee
/products/catching-light-long-t-shirt,/products/catching-light-long-sleeve-tee
/products/performance-longsleeve-t-shirt-2,/products/emblem-performance-longsleeve
/products/performance-long-sleeve-t-shirt-1,/products/catching-light-performance-longsleeve
/products/spray-one-piece-t-shirt-1,/products/wordmark-spray-tee
/products/vintage-washed-zip-up-hooded-tank-top-1,/collections/catching-light
/products/logo-oversized-mock-neck-t-shirt,/collections/catching-light
